[
  {
    "animated": false,
    "description": "<p>Designed this as a frame of reference for a React app I'll be building that can dynamically pull in images and generate card faces.</p>",
    "height": 1200,
    "html_url": "https://dribbble.com/shots/11355178-Unsplash-Playing-Cards",
    "id": 11355178,
    "images": {
      "hidpi": "https://cdn.dribbble.com/users/70617/screenshots/11355178/dribbble_shot.png",
      "normal": "https://cdn.dribbble.com/users/70617/screenshots/11355178/dribbble_shot_1x.png",
      "one_x": "https://cdn.dribbble.com/users/70617/screenshots/11355178/dribbble_shot_1x.png",
      "two_x": "https://cdn.dribbble.com/users/70617/screenshots/11355178/dribbble_shot_2x.png",
      "four_x": "https://cdn.dribbble.com/users/70617/screenshots/11355178/dribbble_shot_4x.png",
      "teaser": "https://cdn.dribbble.com/users/70617/screenshots/11355178/dribbble_shot_teaser.png"
    },
    "low_profile": false,
    "tags": ["figma", "playing cards", "unsplash"],
    "title": "Unsplash Playing Cards",
    "width": 1600,
    "published_at": "2020-05-10T03:31:01Z",
    "updated_at": "2022-07-22T07:40:56Z",
    "attachments": [],
    "projects": [],
    "video": null
  },
  {
    "animated": false,
    "description": "<p>I was experimenting with this thing called speed design. It's basically an entire video where you record yourself designing or developing something, which seems to be a lot better than the alternative that is having to record a video with my voice overs, considering that I'm very conscious about my voice 🙈</p>\n\n<p>Anyway, this could be the first of many... or the last. I have no clue. Here's my latest upload on YouTube after a million years:\n<br />https://youtu.be/tFk2bmhJLNk</p>\n\n<p>Let me know what you think... or don't. It's fine 😅\n<br />Thanks for reading.</p>",
    "height": 1188,
    "html_url": "https://dribbble.com/shots/9851291-Hacker-News-Redesign",
    "id": 9851291,
    "images": {
      "hidpi": "https://cdn.dribbble.com/users/70617/screenshots/9851291/youtube_thumbnail.png",
      "normal": "https://cdn.dribbble.com/users/70617/screenshots/9851291/youtube_thumbnail_1x.png",
      "one_x": "https://cdn.dribbble.com/users/70617/screenshots/9851291/youtube_thumbnail_1x.png",
      "two_x": "https://cdn.dribbble.com/users/70617/screenshots/9851291/youtube_thumbnail_2x.png",
      "four_x": "https://cdn.dribbble.com/users/70617/screenshots/9851291/youtube_thumbnail_4x.png",
      "teaser": "https://cdn.dribbble.com/users/70617/screenshots/9851291/youtube_thumbnail_teaser.png"
    },
    "low_profile": false,
    "tags": ["clone", "feed", "figma", "hacker news", "news", "redesign", "speed design", "tutorial", "ui"],
    "title": "Hacker News Redesign",
    "width": 1600,
    "published_at": "2020-02-02T15:46:46Z",
    "updated_at": "2022-07-22T07:40:39Z",
    "attachments": [],
    "projects": [],
    "video": null
  },
  {
    "animated": false,
    "description": "<p>I think it's been a while since I had last designed my resume, the print version. It was around 2 years ago, and I was a completely different person back then. I've heard the saying, a resume is like a reflection of oneself, so if I'm bound to change, so should that nifty little document.</p>\n\n<p>Hence, here's my latest resume, and like most apps on the interwebs, even it has caught the dark mode fever. I'm also finally moving away from the one-page resume to a three-page CV, with the cover letter. This may be a sign of growth? No idea, but it looks heavy!</p>\n\n<p>Some things I focused on while making the resume, 1) make sure it can be parsed, 2) make sure it is easy to edit once you have a new field and 3) make sure looks GOOD! (and you can be the judge of that)</p>\n\n<p>It was designed entirely from scratch in Figma, and I will be making the files open source so you can use the template to design your own resume, or even mix-match colors as well. Drop me your email address if interested and I'll share the file with you.</p>\n\n<p>You can browse through the entire resume here:\n<br />http://pillai.xyz/resume-pdf</p>\n\n<p>Please feel free to leave any comments ;) I'm posting on dev.to so I can get some constructive criticism from people who have taken a lot of interviews already.</p>\n\n<p>I'm currently scouting for a job in Berlin, Germany (looking to relocate), hence the new redesign and weekend exercise.</p>\n\n<p>Thank you all so much!</p>",
    "height": 1200,
    "html_url": "https://dribbble.com/shots/8677833-Revamped-Resume-Dark-Mode",
    "id": 8677833,
    "images": {
      "hidpi": "https://cdn.dribbble.com/users/70617/screenshots/8677833/instagram_post.jpg",
      "normal": "https://cdn.dribbble.com/users/70617/screenshots/8677833/instagram_post_1x.jpg",
      "one_x": "https://cdn.dribbble.com/users/70617/screenshots/8677833/instagram_post_1x.jpg",
      "two_x": "https://cdn.dribbble.com/users/70617/screenshots/8677833/instagram_post.jpg",
      "teaser": "https://cdn.dribbble.com/users/70617/screenshots/8677833/instagram_post_teaser.jpg"
    },
    "low_profile": false,
    "tags": [
      "career",
      "cv",
      "dark",
      "dark mode",
      "figma",
      "light",
      "resume",
      "resume cv",
      "resume design",
      "selfbranding",
      "vector"
    ],
    "title": "Revamped Resume (Dark Mode)",
    "width": 1598,
    "published_at": "2019-12-01T10:25:24Z",
    "updated_at": "2022-07-22T07:42:07Z",
    "attachments": [],
    "projects": [],
    "video": null
  },
  {
    "animated": false,
    "description": "<p>Logo for Dhiyo.ai, India's 1st Multilingual Conversational AI Platform for Employment Services in the Blue Collar Sector.</p>",
    "height": 600,
    "html_url": "https://dribbble.com/shots/6408232-Dhiyo-ai-Logo",
    "id": 6408232,
    "images": {
      "hidpi": "https://cdn.dribbble.com/users/70617/screenshots/6408232/dhiyo_promotional_banner.jpg",
      "normal": "https://cdn.dribbble.com/users/70617/screenshots/6408232/dhiyo_promotional_banner_1x.jpg",
      "one_x": "https://cdn.dribbble.com/users/70617/screenshots/6408232/dhiyo_promotional_banner_1x.jpg",
      "two_x": "https://cdn.dribbble.com/users/70617/screenshots/6408232/dhiyo_promotional_banner.jpg",
      "teaser": "https://cdn.dribbble.com/users/70617/screenshots/6408232/dhiyo_promotional_banner_teaser.jpg"
    },
    "low_profile": false,
    "tags": [
      "bangalore",
      "chatbot",
      "design",
      "illustrator",
      "india",
      "logo",
      "photoshop",
      "text message",
      "typography",
      "waveform"
    ],
    "title": "Dhiyo.ai Logo",
    "width": 800,
    "published_at": "2019-04-29T11:34:53Z",
    "updated_at": "2022-07-22T07:43:11Z",
    "attachments": [],
    "projects": [],
    "video": null
  },
  {
    "animated": false,
    "description": "<p>Was playing around the letter M, and my mind took me somewhere else entirely, to create this evil/confused looking character.</p>\n\n<p>What do you think? Any comments appreciated :)</p>",
    "height": 768,
    "html_url": "https://dribbble.com/shots/5747118-M-Bird-s-Eye-Logomark",
    "id": 5747118,
    "images": {
      "hidpi": "https://cdn.dribbble.com/users/70617/screenshots/5747118/started-with-an-m.png",
      "normal": "https://cdn.dribbble.com/users/70617/screenshots/5747118/started-with-an-m_1x.png",
      "one_x": "https://cdn.dribbble.com/users/70617/screenshots/5747118/started-with-an-m_1x.png",
      "two_x": "https://cdn.dribbble.com/users/70617/screenshots/5747118/started-with-an-m.png",
      "teaser": "https://cdn.dribbble.com/users/70617/screenshots/5747118/started-with-an-m_teaser.png"
    },
    "low_profile": false,
    "tags": ["bird", "eye", "illustrator", "logo", "logo alphabet", "m", "m logo", "wordmark"],
    "title": "M + Bird's Eye - Logomark",
    "width": 1024,
    "published_at": "2018-12-25T19:55:12Z",
    "updated_at": "2022-07-22T07:41:31Z",
    "attachments": [],
    "projects": [],
    "video": null
  },
  {
    "animated": false,
    "description": "<p>Followed this tutorial by @Danksy to create this awesome illustration: https://www.youtube.com/watch?v=m6aZg0nJX10</p>",
    "height": 600,
    "html_url": "https://dribbble.com/shots/5746988-Infinitely-Swirly",
    "id": 5746988,
    "images": {
      "hidpi": "https://cdn.dribbble.com/users/70617/screenshots/5746988/infinitely-swirly.png",
      "normal": "https://cdn.dribbble.com/users/70617/screenshots/5746988/infinitely-swirly_1x.png",
      "one_x": "https://cdn.dribbble.com/users/70617/screenshots/5746988/infinitely-swirly_1x.png",
      "two_x": "https://cdn.dribbble.com/users/70617/screenshots/5746988/infinitely-swirly.png",
      "teaser": "https://cdn.dribbble.com/users/70617/screenshots/5746988/infinitely-swirly_teaser.png"
    },
    "low_profile": false,
    "tags": ["design", "illustration", "illustrator", "inifinity", "logo", "tutorial"],
    "title": "Infinitely Swirly",
    "width": 800,
    "published_at": "2018-12-25T18:44:08Z",
    "updated_at": "2022-07-22T07:40:37Z",
    "attachments": [],
    "projects": [],
    "video": null
  },
  {
    "animated": true,
    "description": null,
    "height": 600,
    "html_url": "https://dribbble.com/shots/3896207-Therabot",
    "id": 3896207,
    "images": {
      "hidpi": "https://cdn.dribbble.com/users/70617/screenshots/3896207/therabot-animation.gif",
      "normal": "https://cdn.dribbble.com/users/70617/screenshots/3896207/therabot-animation_1x.gif",
      "one_x": "https://cdn.dribbble.com/users/70617/screenshots/3896207/therabot-animation_1x.gif",
      "two_x": "https://cdn.dribbble.com/users/70617/screenshots/3896207/therabot-animation.gif",
      "teaser": "https://cdn.dribbble.com/users/70617/screenshots/3896207/therabot-animation_teaser.gif"
    },
    "low_profile": false,
    "tags": ["animation", "gif", "photoshop", "therabot"],
    "title": "Therabot",
    "width": 800,
    "published_at": "2017-10-24T15:26:43Z",
    "updated_at": "2022-07-22T07:43:23Z",
    "attachments": [],
    "projects": [],
    "video": null
  },
  {
    "animated": false,
    "description": null,
    "height": 600,
    "html_url": "https://dribbble.com/shots/3745813-Poster-for-NGO-Initiative-to-Collect-Books",
    "id": 3745813,
    "images": {
      "hidpi": "https://cdn.dribbble.com/users/70617/screenshots/3745813/dribbble-shot.jpg",
      "normal": "https://cdn.dribbble.com/users/70617/screenshots/3745813/dribbble-shot_1x.jpg",
      "one_x": "https://cdn.dribbble.com/users/70617/screenshots/3745813/dribbble-shot_1x.jpg",
      "two_x": "https://cdn.dribbble.com/users/70617/screenshots/3745813/dribbble-shot.jpg",
      "teaser": "https://cdn.dribbble.com/users/70617/screenshots/3745813/dribbble-shot_teaser.jpg"
    },
    "low_profile": false,
    "tags": [],
    "title": "Poster for NGO Initiative to Collect Books",
    "width": 800,
    "published_at": "2017-08-18T19:13:23Z",
    "updated_at": "2022-07-22T07:43:29Z",
    "attachments": [],
    "projects": [],
    "video": null
  },
  {
    "animated": false,
    "description": "<p>Just trying to learn the ropes of Adobe Illustrator, so followed a tutorial and got this... was really fun, and I hope to do it again.</p>\n\n<p>Please do comment on any more illustrations that I can recreate as a beginner to better improve my skills :)</p>\n\n<p>Thank you!</p>",
    "height": 600,
    "html_url": "https://dribbble.com/shots/3543194-Kawaii-Bunny",
    "id": 3543194,
    "images": {
      "hidpi": "https://cdn.dribbble.com/users/70617/screenshots/3543194/artboard_1.png",
      "normal": "https://cdn.dribbble.com/users/70617/screenshots/3543194/artboard_1_1x.png",
      "one_x": "https://cdn.dribbble.com/users/70617/screenshots/3543194/artboard_1_1x.png",
      "two_x": "https://cdn.dribbble.com/users/70617/screenshots/3543194/artboard_1.png",
      "teaser": "https://cdn.dribbble.com/users/70617/screenshots/3543194/artboard_1_teaser.png"
    },
    "low_profile": false,
    "tags": ["adobe illustrator", "bunny", "carrots", "rabbit"],
    "title": "Kawaii Bunny",
    "width": 800,
    "published_at": "2017-06-04T17:25:55Z",
    "updated_at": "2022-07-22T07:41:29Z",
    "attachments": [],
    "projects": [],
    "video": null
  },
  {
    "animated": false,
    "description": null,
    "height": 600,
    "html_url": "https://dribbble.com/shots/2987286-Kalaarnava",
    "id": 2987286,
    "images": {
      "hidpi": "https://cdn.dribbble.com/users/70617/screenshots/2987286/untitled-1.png",
      "normal": "https://cdn.dribbble.com/users/70617/screenshots/2987286/untitled-1_1x.png",
      "one_x": "https://cdn.dribbble.com/users/70617/screenshots/2987286/untitled-1_1x.png",
      "two_x": "https://cdn.dribbble.com/users/70617/screenshots/2987286/untitled-1.png",
      "teaser": "https://cdn.dribbble.com/users/70617/screenshots/2987286/untitled-1_teaser.png"
    },
    "low_profile": false,
    "tags": [],
    "title": "Kalaarnava",
    "width": 800,
    "published_at": "2016-09-27T03:21:57Z",
    "updated_at": "2022-07-22T07:40:58Z",
    "attachments": [],
    "projects": [],
    "video": null
  },
  {
    "animated": false,
    "description": "<p>A logo for my personal project, just playing around.</p>",
    "height": 600,
    "html_url": "https://dribbble.com/shots/2954967-Calamity-Control-Logo-Icon-Design",
    "id": 2954967,
    "images": {
      "hidpi": "https://cdn.dribbble.com/users/70617/screenshots/2954967/untitled-2.png",
      "normal": "https://cdn.dribbble.com/users/70617/screenshots/2954967/untitled-2_1x.png",
      "one_x": "https://cdn.dribbble.com/users/70617/screenshots/2954967/untitled-2_1x.png",
      "two_x": "https://cdn.dribbble.com/users/70617/screenshots/2954967/untitled-2.png",
      "teaser": "https://cdn.dribbble.com/users/70617/screenshots/2954967/untitled-2_teaser.png"
    },
    "low_profile": false,
    "tags": [],
    "title": "Calamity Control - Logo/Icon Design",
    "width": 800,
    "published_at": "2016-09-11T04:01:24Z",
    "updated_at": "2022-07-22T07:43:10Z",
    "attachments": [],
    "projects": [],
    "video": null
  },
  {
    "animated": false,
    "description": "<p>When you're the only designer in college, you're gonna get stuck doing a lot of poster design work, or some menial photo editing. This is what happened to me, but that didn't mean I'd not enjoy doing it.</p>\n\n<p>This is one of the recent posters I did for a computer club in my college that is sponsored by Microsoft India, called the Microsoft Innovation Lab.</p>\n\n<p>Check out the @2x for more detail :)</p>",
    "height": 600,
    "html_url": "https://dribbble.com/shots/2942760-Poster-Design-for-Microsoft-Innovation-Lab",
    "id": 2942760,
    "images": {
      "hidpi": "https://cdn.dribbble.com/users/70617/screenshots/2942760/mil-poster.jpg",
      "normal": "https://cdn.dribbble.com/users/70617/screenshots/2942760/mil-poster_1x.jpg",
      "one_x": "https://cdn.dribbble.com/users/70617/screenshots/2942760/mil-poster_1x.jpg",
      "two_x": "https://cdn.dribbble.com/users/70617/screenshots/2942760/mil-poster.jpg",
      "teaser": "https://cdn.dribbble.com/users/70617/screenshots/2942760/mil-poster_teaser.jpg"
    },
    "low_profile": false,
    "tags": [],
    "title": "Poster Design for Microsoft Innovation Lab",
    "width": 800,
    "published_at": "2016-09-05T12:35:51Z",
    "updated_at": "2022-07-22T07:42:00Z",
    "attachments": [],
    "projects": [],
    "video": null
  }
]
